,test_Accuracy,test_CohenKappa,test_F1,test_Recall,test_Precision,auc
0,0.69902915,0.07153237,0.4893651,0.52755374,0.6056701,0.61200714
